id,pop,lat,lon,date,year,sex,species,spp_code,WAM_ID,IBRA_SubRegion,UTMX,UTMY,CoordLocation,Buffer_5km
DEC01797,Port Hedland 5,-22.31,119.99,30/4/2001,2001,M,Ningaui timealeyi,Nt,WAM_M48882,Chichester,808055.2553,7529806.474,1,30
DEC01800,Port Hedland,-21.4483,118.9233,18/11/2001,2001,M,Ningaui timealeyi,Nt,WAM_M49522,Chichester,699310.9568,7627012.92,2,47
DEC01803,Newman 3,-22.9397,118.8656,2/6/2004,2004,M,Ningaui timealeyi,Nt,WAM_M55292,Hamersley,691298.052,7461941.23,3,9
DEC01804,Tom Price,-22.75,117.7667,6/11/1996,1996,M,Ningaui timealeyi,Nt,WAM_M47330,Hamersley,578718.1978,7483951.047,4,16
DEC01806,Newman 2,-23.3227,119.4489,21/6/1997,1997,NA,Ningaui timealeyi,Nt,WAM_M47667,Hamersley,750419.1656,7418637.072,5,5
DEC01807,Millstream,-21.6683,117.4369,7/7/1997,1997,M,Ningaui timealeyi,Nt,WAM_M47726,Chichester,545201.629,7603823.209,6,45
DEC01808,Newman,-22.9166,118.9,19/6/2005,2005,F,Ningaui timealeyi,Nt,WAM_M47492b,Hamersley,694859.376,7464454.15,7,9
DEC01809,Pannawonica,-21.6833,116.3833,16/5/1994,1994,M,Ningaui timealeyi,Nt,WAM_M44942,Chichester,436202.433,7602099.759,8,43
DEC01811,Cane River 2,-22.1686,115.5722,7/5/1999,1999,M,Ningaui timealeyi,Nt,WAM_M48583,Hamersley,352785.1498,7547818.959,9,37
DEC01812,Cane River,-22.2694,115.6422,4/5/1999,1999,M,Ningaui timealeyi,Nt,WAM_M48531,Hamersley,360103.5983,7536725.485,10,31
DEC01814,Mount Leal,-21.8747,117.3258,22/9/1999,1999,M,Ningaui timealeyi,Nt,WAM_M51360,Hamersley,533658.9454,7581006.235,11,76
DEC01815,Cape Preston 2,-21.0438,116.1872,18/4/2000,2000,M,Ningaui timealeyi,Nt,WAM_M52360,Roebourne,415549.2124,7672789.779,12,53
DEC01816,Cape Preston,-21.0658,116.1492,18/4/2000,2000,M,Ningaui timealeyi,Nt,WAM_M52361,Roebourne,411613.7511,7670334.178,13,53
DEC01822,Newman,-22.9344,118.895,2/6/2004,2004,M,Ningaui timealeyi,Nt,WAM_M55286,Hamersley,694321.0517,7462489.574,14,9
DEC01823,Newman,-22.9402,118.9031,3/6/2004,2004,M,Ningaui timealeyi,Nt,WAM_M55288,Hamersley,695143.555,7461836.538,15,9
DEC01824,Newman 3,-22.9383,118.8628,4/6/2004,2004,M,Ningaui timealeyi,Nt,WAM_M55290,Hamersley,691012.8351,7462099.909,16,9
DEC02090,Port Hedland 10,-21.01,118.7,3/5/2001,2001,F,Ningaui timealeyi,Nt,WAM_M48897,Chichester,676686.6037,7675805.661,17,70
DEC02091,Port Hedland 9,-21.16,118.81,3/5/2001,2001,M,Ningaui timealeyi,Nt,WAM_M48902,Chichester,687933.2239,7659072.778,18,69
DEC02092,Port Hedland 8,-20.7,118.64,4/5/2001,2001,F,Ningaui timealeyi,Nt,WAM_M48915,Chichester,670799.1127,7710189.394,19,64
DEC02094,Port Hedland 7,-21.5836,118.8975,24/6/2001,2001,F,Ningaui timealeyi,Nt,WAM_M48945,Chichester,696454.5552,7612064.556,20,44
DEC02095,Port Hedland 6,-21.8216,118.8689,24/6/2001,2001,F,Ningaui timealeyi,Nt,WAM_M48950,Chichester,693174.7463,7585747.812,21,78
DEC02096,Port Hedland 4,-22.2263,118.9756,24/6/2001,2001,M,Ningaui timealeyi,Nt,WAM_M48951,Fortescue,703626.9764,7540796.156,22,34
DEC02097,Meentheena 3,-21.2163,120.3406,25/5/2000,2000,M,Ningaui timealeyi,Nt,WAM_M51613,Chichester,846827.9761,7650251.666,23,68
DEC02098,Meentheena 2,-21.2888,120.4719,27/5/2000,2000,M,Ningaui timealeyi,Nt,WAM_M51640,Chichester,860295.2767,7641922.815,24,49
DEC02099,Mount Minnie,-21.8747,115.1564,24/6/2000,2000,M,Ningaui timealeyi,Nt,WAM_M51676,Cape Range,309511.4243,7579899.791,25,71
DEC02101,Meentheena,-21.2852,120.4153,28/9/2000,2000,F,Ningaui timealeyi,Nt,WAM_M51722,Chichester,854425.0716,7642450.216,26,49
DEC02102,Meentheena 2,-21.2813,120.4806,29/9/2000,2000,F,Ningaui timealeyi,Nt,WAM_M51732,Chichester,861217.2918,7642734.094,27,49
DEC02104,Woodstock 3,-21.6116,118.9556,7/5/1988,1988,F,Ningaui timealeyi,Nt,WAM_M28212,Chichester,702432.5671,7608889.721,28,44
DEC02105,Woodstock 2,-21.6675,119.0408,8/5/1988,1988,F,Ningaui timealeyi,Nt,WAM_M28213,Chichester,711173.3256,7602586.4,29,44
DEC02106,Woodstock,-21.6097,119.0214,25/9/1988,1988,M,Ningaui timealeyi,Nt,WAM_M28214,Chichester,709248.583,7609012.983,30,44
DEC02107,Woodstock 3,-21.6094,118.9744,17/9/1989,1989,F,Ningaui timealeyi,Nt,WAM_M29242,Chichester,704382.2915,7609108.726,31,44
DEC02109,Woodstock,-21.6069,119.0397,18/9/1989,1989,M,Ningaui timealeyi,Nt,WAM_M29375,Chichester,711147.589,7609298.29,32,44
DEC02110,Port Hedland 3,-20.78,118.64,3/5/2001,2001,M,Ningaui timealeyi,Nt,WAM_M48895,Chichester,670709.3175,7701333.107,33,64
DEC02111,Port Hedland 2,-21.06,118.75,3/5/2001,2001,M,Ningaui timealeyi,Nt,WAM_M48896,Chichester,681823.7535,7670213.948,34,70
DEC02112,Redmont Camp,-21.94404,118.962925,1/5/2003,2003,M,Ningaui timealeyi,Nt,WAM_M48971,Chichester,702722.9501,7572068.948,35,35
DEC02113,Weeli Wolli Springs 2,-22.968955,119.162278,24/4/2003,2003,F,Ningaui timealeyi,Nt,WAM_M48998,Hamersley,721681.0426,7458284.033,36,8
DEC02114,Weeli Wolli Springs,-22.878694,119.240611,25/4/2003,2003,M,Ningaui timealeyi,Nt,WAM_M49002,Hamersley,729867.0705,7468160.649,37,20
DEC02115,Weeli Wolli Springs,-22.8777,119.24,28/4/2003,2003,NA,Ningaui timealeyi,Nt,WAM_M49003,Hamersley,729806.039,7468271.696,38,20
DEC02116,Onslow,-21.741,115.113,25/9/2002,2002,M,Ningaui timealeyi,Nt,WAM_M49036,Cape Range,304844.7909,7594649.588,39,82
DEC02117,Onslow,-21.7438,115.1208,10/9/2003,2003,M,Ningaui timealeyi,Nt,WAM_M53965,Cape Range,305655.4537,7594349.382,40,82
DEC02119,Munjina Roadhouse,-22.395,118.9989,29/3/2004,2004,M,Ningaui timealeyi,Nt,WAM_M55072,Fortescue,705781.7008,7522083.044,42,29
DEC02120,West Angeles,-23.1905,118.8261,9/5/2004,2004,M,Ningaui timealeyi,Nt,WAM_M55101,Hamersley,686899.8489,7434218.56,43,10
DEC02121,Pannawonica 6,-21.6516,115.8367,16/3/2005,2005,F,Ningaui timealeyi,Nt,WAM_M56304,Roebourne,379626.0444,7605284.309,44,83
DEC02122,Pannawonica 5,-21.8188,116.2997,16/3/2005,2005,M,Ningaui timealeyi,Nt,WAM_M56308,Hamersley,427621.6592,7587064.716,45,80
DEC02123,Pannawonica 4,-21.7594,116.2275,16/3/2005,2005,F,Ningaui timealeyi,Nt,WAM_M56312,Hamersley,420126.3267,7593604.081,46,80
DEC02127,Woodie Woodie,-21.7141,121.2339,9/10/2006,2006,M,Ningaui timealeyi,Nt,WAM_M62342,Chichester,938188.9008,7592820.14,47,40
DEC02129,Woodstock,-21.6111,119.0397,7/5/1988,1988,F,Ningaui timealeyi,Nt,WAM_M28093,Chichester,711141.4892,7608833.215,48,44
DEC02130,Woodstock 2,-21.6708,119.0417,28/9/1988,1988,M,Ningaui timealeyi,Nt,WAM_M28624,Chichester,711261.6725,7602219.755,49,44
DEC02135,Woodstock 3,-21.6097,118.9622,18/9/1989,1989,M,Ningaui timealeyi,Nt,WAM_M29400,Chichester,703118.6118,7609091.496,50,44
DEC02138,Mount Windell,-22.6022,118.5208,29/7/1991,1991,F,Ningaui timealeyi,Nt,WAM_M36751,Hamersley,656319.8866,7499718.022,51,24
DEC02139,Jemmawarruda Ck,-21.8166,116.2333,NA,NA,NA,Ningaui timealeyi,Nt,WAM_M37016,Hamersley,420757.501,7587275.579,52,80
DEC02141,Barlee Range Nat Res 3,-23.3891,115.8867,12/6/1994,1994,M,Ningaui timealeyi,Nt,WAM_M41808,Ashburton,386232.0217,7412967.105,53,2
DEC02142,Barlee Range Nat Res 2,-23.0797,115.7903,15/6/1994,1994,F,Ningaui timealeyi,Nt,WAM_M41828,Ashburton,376094.5803,7447144.613,54,7
DEC02143,Barlee Range Nat Res,-23.1058,115.9978,20/6/1994,1994,M,Ningaui timealeyi,Nt,WAM_M41845,Ashburton,397369.5881,7444415.863,55,13
DEC02144,Barlee Range Nat Res,-23.1016,116.0078,21/6/1994,1994,M,Ningaui timealeyi,Nt,WAM_M41853,Ashburton,398390.551,7444887.852,56,13
DEC02146,Pannawonica 3,-21.6583,116.2722,29/9/1993,1993,NA,Ningaui timealeyi,Nt,WAM_M41867,Hamersley,424695.7478,7604817.134,57,46
DEC02147,Hope Downs,-22.9666,119.1625,28/4/1994,1994,M,Ningaui timealeyi,Nt,WAM_M43182,Hamersley,721707.6533,7458544.524,58,8
DEC02148,Yarrie,-20.6163,120.2761,9/6/1998,1998,M,Ningaui timealeyi,Nt,WAM_M44061,Chichester,841484.6213,7716876.357,59,62
DEC02149,Brockman Mine 2,-22.3105,117.3167,17/11/1998,1998,M,Ningaui timealeyi,Nt,WAM_M52408,Hamersley,532618.5191,7532770.17,60,33
DEC02150,Brockman Mine,-22.4188,117.4,18/11/1998,1998,M,Ningaui timealeyi,Nt,WAM_M52414,Hamersley,541166.2473,7520761.762,61,27
DEC02152,Brockman Mine,-22.4197,117.4167,17/11/1998,1998,M,Ningaui timealeyi,Nt,WAM_M52407,Hamersley,542884.683,7520657.466,62,27
DEC02153,Brockman Mine,-22.4113,117.4333,18/11/1998,1998,M,Ningaui timealeyi,Nt,WAM_M52413,Hamersley,544595.7764,7521582.461,63,27
DEC02154,Pannawonica 2,-21.6272,116.4458,7/10/2005,2005,NA,Ningaui timealeyi,Nt,WAM_M56640,Chichester,442646.0444,7608333.608,64,43
DEC02155,Mount Elvire 5,-21.7108,116.7658,7/10/2005,2005,NA,Ningaui timealeyi,Nt,WAM_M56665,Hamersley,475776.9209,7599164.552,65,42
DEC02156,Dresser 2,-21.1561,119.3558,11/10/2005,2005,NA,Ningaui timealeyi,Nt,WAM_M56670,Chichester,744631.3554,7658760.393,66,67
DEC02157,Mount Elvire 4,-21.6728,116.7253,1/10/2005,2005,NA,Ningaui timealeyi,Nt,WAM_M56790,Chichester,471580.5701,7603363.616,67,42
DEC02158,Peedamulla 3,-21.9131,115.7172,27/9/2005,2005,NA,Ningaui timealeyi,Nt,WAM_M56809,Hamersley,367499.7389,7576237.98,68,73
DEC02159,Peedamulla 3,-21.9181,115.7233,26/9/2005,2005,M,Ningaui timealeyi,Nt,WAM_M56817,Hamersley,368134.4874,7575689.709,69,73
DEC02160,Coongan River 2,-20.8956,119.6025,11/5/2006,2006,NA,Ningaui timealeyi,Nt,WAM_M56919,Chichester,770732.2536,7687212.468,70,56
DEC02161,Coongan River 2,-20.8983,119.5906,11/5/2006,2006,M,Ningaui timealeyi,Nt,WAM_M56921,Chichester,769488.8622,7686933.459,71,56
DEC02162,Coongan River 2,-20.8983,119.5906,12/5/2006,2006,NA,Ningaui timealeyi,Nt,WAM_M56940,Chichester,769488.8622,7686933.459,71,56
DEC02163,Roeburne 2,-20.808,117.0725,30/9/2004,2004,M,Ningaui timealeyi,Nt,WAM_M57235,Chichester,507544.434,7699099.593,72,63
DEC02164,Mount Florance 3,-21.7141,117.7755,10/10/2004,2004,M,Ningaui timealeyi,Nt,WAM_M57274,Chichester,580209.0121,7598616.778,73,41
DEC02165,Bonney Downs 2,-22.1178,119.8772,19/10/2004,2004,M,Ningaui timealeyi,Nt,WAM_M57315,Chichester,796831.1081,7551326.4,74,32
DEC02166,Bonney Downs,-22.0853,119.7035,21/10/2004,2004,M,Ningaui timealeyi,Nt,WAM_M57325,Chichester,778965.1191,7555255.666,75,38
DEC02167,Marble Bar 2,-21.3108,119.6042,2/5/2006,2006,F,Ningaui timealeyi,Nt,WAM_M57691,Chichester,770156.0899,7641222.302,76,52
DEC02168,Dresser,-21.2181,119.4019,2/5/2006,2006,F,Ningaui timealeyi,Nt,WAM_M57693,Chichester,749316.4541,7651822.24,77,67
DEC02169,Dresser,-21.2367,119.4083,2/5/2006,2006,F,Ningaui timealeyi,Nt,WAM_M57697,Chichester,749949.6942,7649752.217,78,67
DEC02171,Mount De Courcey,-22.7402,116.4611,21/5/2005,2005,M,Ningaui timealeyi,Nt,WAM_M57726,Hamersley,444667.0021,7485138.961,79,14
DEC02172,Mount Edith,-22.5714,116.1483,21/5/2005,2005,M,Ningaui timealeyi,Nt,WAM_M57727,Hamersley,412441.0559,7503675.051,80,25
DEC02174,Rhodes Ridge 2,-23.146,119.2658,14/5/2005,2005,M,Ningaui timealeyi,Nt,WAM_M57737,Hamersley,731994.2305,7438514.179,81,11
DEC02175,Rhodes Ridge,-23.1032,119.0389,11/5/2005,2005,F,Ningaui timealeyi,Nt,WAM_M57741,Hamersley,708821.1133,7443597.611,82,12
DEC02176,Rhodes Ridge,-23.1032,119.0389,8/5/2005,2005,M,Ningaui timealeyi,Nt,WAM_M57747,Hamersley,708821.1133,7443597.611,82,12
DEC02178,Mount Minnie 2,-22.1697,115.5608,2/5/2005,2005,F,Ningaui timealeyi,Nt,WAM_M57754,Hamersley,351610.7178,7547686.074,83,37
DEC02179,Marda Pool,-21.0699,116.2069,22/5/2005,2005,M,Ningaui timealeyi,Nt,WAM_M57873,Roebourne,417610.5304,7669911.296,84,53
DEC02180,Fortescue River,-22.0592,117.6935,19/5/2005,2005,M,Ningaui timealeyi,Nt,WAM_M57938,Hamersley,571555.1698,7560457.766,85,39
DEC02181,Mount Bruce 4,-22.7161,118.2633,24/9/2005,2005,M,Ningaui timealeyi,Nt,WAM_M60509,Hamersley,629741.5082,7487354.923,86,15
DEC02182,Mount Bruce 3,-22.6094,118.2992,25/9/2005,2005,M,Ningaui timealeyi,Nt,WAM_M60513,Hamersley,633532.1257,7499136.384,87,23
DEC02183,Mount Bruce 3,-22.6214,118.3147,26/9/2005,2005,M,Ningaui timealeyi,Nt,WAM_M60520,Hamersley,635113.6919,7497793.829,88,23
DEC02184,Mount Bruce 4,-22.7161,118.2633,28/9/2005,2005,F,Ningaui timealeyi,Nt,WAM_M60526,Hamersley,629741.5082,7487354.923,86,15
DEC02185,Peedamulla 2,-21.8417,115.5825,11/5/2006,2006,M,Ningaui timealeyi,Nt,WAM_M60575,Roebourne,353511.7422,7584020.203,89,77
DEC02188,Coongan River,-20.9231,119.6103,25/9/2005,2005,M,Ningaui timealeyi,Nt,WAM_M61034,Chichester,771494.5329,7684153.448,90,56
DEC02189,Mount Bruce 4,-22.7225,118.2683,27/5/2006,2006,F,Ningaui timealeyi,Nt,WAM_M61684,Hamersley,630249.0109,7486641.965,91,15
DEC02191,Mount Bruce 2,-22.6219,118.3511,27/5/2006,2006,F,Ningaui timealeyi,Nt,WAM_M61692,Hamersley,638854.5574,7497704.987,92,23
DEC02192,Wheelarra Hill 4,-23.4986,120.2911,21/5/2006,2006,M,Ningaui timealeyi,Nt,WAM_M61723,Augustus,836152.3912,7397431.276,93,1
DEC02193,Wheelarra Hill 3,-23.4711,120.215,21/5/2006,2006,M,Ningaui timealeyi,Nt,WAM_M61731,Augustus,828442.1034,7400655.285,94,1
DEC02195,Wheelarra Hill 2,-23.28,120.1761,20/5/2006,2006,F,Ningaui timealeyi,Nt,WAM_M61736,Fortescue,824931.5583,7421921.878,95,6
DEC02196,Balfour Downs 3,-22.5442,120.7992,16/5/2006,2006,M,Ningaui timealeyi,Nt,WAM_M61761,Chichester,890846.3953,7501962.593,96,19
DEC02197,Balfour Downs 2,-22.6033,120.7833,15/5/2006,2006,M,Ningaui timealeyi,Nt,WAM_M61766,Chichester,889042.6475,7495452.055,97,19
DEC02198,Balfour Downs 3,-22.5442,120.7992,14/5/2006,2006,F,Ningaui timealeyi,Nt,WAM_M61769,Chichester,890846.3953,7501962.593,96,19
DEC02199,Balfour Downs,-22.6111,120.7289,11/5/2006,2006,F,Ningaui timealeyi,Nt,WAM_M61782,Chichester,883421.3,7494728.64,98,19
DEC02202,Mount Elvire 3,-21.6828,116.7522,5/10/2005,2005,NA,Ningaui timealeyi,Nt,WAM_M56634,Chichester,474365.3247,7602261.478,99,42
DEC02203,Mount Elvire 2,-21.8736,116.5025,7/10/2005,2005,NA,Ningaui timealeyi,Nt,WAM_M56639,Hamersley,448601.7769,7581080.506,100,72
DEC02204,Mount Elvire 5,-21.7083,116.7658,7/10/2005,2005,NA,Ningaui timealeyi,Nt,WAM_M56642,Hamersley,475776.5026,7599441.259,101,42
DEC02205,Marble Bar,-21.4264,119.5531,10/10/2005,2005,M,Ningaui timealeyi,Nt,WAM_M56667,Chichester,764644.3975,7628505.386,102,48
DEC02206,Marble Bar,-21.4264,119.5531,11/10/2005,2005,NA,Ningaui timealeyi,Nt,WAM_M56672,Chichester,764644.3975,7628505.386,102,48
DEC02210,Mount Elvire,-21.8397,116.6825,1/10/2005,2005,NA,Ningaui timealeyi,Nt,WAM_M56780,Hamersley,467190.5557,7584882.014,103,79
DEC02211,Warramboo Creek 2,-21.7333,115.8081,30/9/2005,2005,NA,Ningaui timealeyi,Nt,WAM_M56783,Hamersley,376735.8655,7596217.721,104,83
DEC02212,Warramboo Creek 2,-21.7319,115.8072,30/9/2005,2005,NA,Ningaui timealeyi,Nt,WAM_M56784,Hamersley,376641.5845,7596371.984,105,83
DEC02213,Warramboo Creek,-21.6892,115.8431,29/9/2005,2005,M,Ningaui timealeyi,Nt,WAM_M56792,Hamersley,380319.3972,7601127.009,106,83
DEC02215,Peedamulla,-21.9481,115.83,28/9/2005,2005,NA,Ningaui timealeyi,Nt,WAM_M56802,Hamersley,379181.6249,7572456.513,107,36
DEC02217,Peedamulla 3,-21.9131,115.7172,26/9/2005,2005,F,Ningaui timealeyi,Nt,WAM_M56816,Hamersley,367499.7389,7576237.98,68,73
DEC02219,Peedamulla 3,-21.8983,115.7036,24/9/2005,2005,M,Ningaui timealeyi,Nt,WAM_M56836,Hamersley,366080.99,7577864.615,108,73
DEC02220,Lake Poongkaliyarra 2,-20.9399,117.0348,30/9/2004,2004,M,Ningaui timealeyi,Nt,WAM_M57232,Chichester,503618.1687,7684503.377,109,57
DEC02221,Roeburne,-20.7364,117.0989,30/9/2004,2004,M,Ningaui timealeyi,Nt,WAM_M57236,Chichester,510296.5013,7707022.1,110,63
DEC02222,Lake Poongkaliyarra,-20.9346,117.1151,1/10/2004,2004,M,Ningaui timealeyi,Nt,WAM_M57245,Chichester,511967.4154,7685086.036,111,57
DEC02224,Mount Florance 3,-21.7141,117.7755,9/10/2004,2004,F,Ningaui timealeyi,Nt,WAM_M57266,Chichester,580209.0121,7598616.778,73,41
DEC02225,Mount Florance 2,-21.8562,117.9798,9/10/2004,2004,M,Ningaui timealeyi,Nt,WAM_M57270,Fortescue,601241.0199,7582767.264,112,75
DEC02226,Mount Florance,-21.795,117.857,10/10/2004,2004,M,Ningaui timealeyi,Nt,WAM_M57273,Chichester,588589.2474,7589617.382,113,81
DEC02231,Coolawanyah,-21.8822,117.7945,13/10/2004,2004,F,Ningaui timealeyi,Nt,WAM_M57290,Fortescue,582078.4314,7579999.654,114,74
DEC02232,Coolawanyah,-21.8822,117.7945,14/10/2004,2004,M,Ningaui timealeyi,Nt,WAM_M57295,Fortescue,582078.4314,7579999.654,114,74
DEC02233,Bonney Downs 2,-22.1178,119.8772,17/10/2004,2004,F,Ningaui timealeyi,Nt,WAM_M57305,Chichester,796831.1081,7551326.4,74,32
DEC02236,Mile,-22.6907,119.7747,18/10/2004,2004,M,Ningaui timealeyi,Nt,WAM_M57310,Fortescue,785078.0484,7488054.756,115,17
DEC02240,Cowra Line,-22.3614,119.0068,1/5/2005,2005,M,Ningaui timealeyi,Nt,WAM_M57919,Fortescue,706644.8604,7525793.058,116,29
DEC02241,Mount Bruce 3,-22.6214,118.3147,25/9/2005,2005,F,Ningaui timealeyi,Nt,WAM_M60514,Hamersley,635113.6919,7497793.829,88,23
DEC02242,Mount Bruce,-22.5833,118.2903,26/9/2005,2005,M,Ningaui timealeyi,Nt,WAM_M60518,Hamersley,632642.2795,7502033.97,117,23
DEC02244,Goldsworthy,-20.3908,119.9086,26/9/2005,2005,M,Ningaui timealeyi,Nt,WAM_M61044,McLarty,803596.2758,7742585.263,118,61
DEC02245,Warrawagine 2,-20.9169,120.6242,2/10/2005,2005,F,Ningaui timealeyi,Nt,WAM_M61064,Chichester,877055.519,7682787.819,119,54
DEC02246,Warrawagine,-20.7392,120.8939,7/10/2005,2005,NA,Ningaui timealeyi,Nt,WAM_M61096,Chichester,905622.7436,7701829.248,120,58
DEC02247,Wodgina 8,-21.4008,118.7092,22/9/2005,2005,M,Ningaui timealeyi,Nt,WAM_M61835,Chichester,677176.0057,7632529.192,121,51
DEC02333,Peedamulla 3,-21.9131,115.7172,24/9/2005,2005,M,Ningaui timealeyi,Nt,WAM_M56833,Hamersley,367499.7389,7576237.98,68,73
DEC02334,Warramboo Creek,-21.6892,115.8431,24/9/2005,2005,F,Ningaui timealeyi,Nt,WAM_M56834,Hamersley,380319.3972,7601127.009,106,83
DEC02336,Wickham,-20.6884,117.0069,1/10/2004,2004,F,Ningaui timealeyi,Nt,WAM_M57243,Chichester,500718.5865,7712337.344,122,66
DEC02337,Karratha,-20.768,116.842,2/10/2004,2004,M,Ningaui timealeyi,Nt,WAM_M57252,Roebourne,483553.9919,7703520.048,123,59
DEC02339,Wheelarra Hill 5,-23.4583,120.1558,5/10/2005,2005,M,Ningaui timealeyi,Nt,WAM_M60545,Augustus,822421.1712,7402207.955,124,1
DEC02340,Wheelarra Hill 4,-23.4986,120.2911,5/10/2005,2005,M,Ningaui timealeyi,Nt,WAM_M60546,Augustus,836152.3912,7397431.276,93,1
DEC02341,Balfour Downs 2,-22.6033,120.7833,10/10/2005,2005,F,Ningaui timealeyi,Nt,WAM_M60549,Chichester,889042.6475,7495452.055,97,19
DEC02342,Balfour Downs 4,-22.5164,120.6594,15/10/2005,2005,F,Ningaui timealeyi,Nt,WAM_M60559,Chichester,876525.6842,7505404.101,125,26
DEC02345,Dresser,-21.2181,119.4019,15/10/2005,2005,NA,Ningaui timealeyi,Nt,WAM_M56684,Chichester,749316.4541,7651822.24,77,67
DEC02347,Mount Rica,-21.9522,116.4883,2/10/2005,2005,NA,Ningaui timealeyi,Nt,WAM_M56773,Hamersley,447163.702,7572375.614,126,72
DEC02360,Tom Price 10,-22.6989,117.8172,28/9/2005,2005,M,Ningaui timealeyi,Nt,WAM_M60532,Hamersley,583934.5168,7489580.296,127,16
DEC02361,Wheelarra Hill 2,-23.28,120.1761,4/10/2005,2005,M,Ningaui timealeyi,Nt,WAM_M60543,Fortescue,824931.5583,7421921.878,95,6
DEC02362,Coongan River 3,-20.9353,119.8581,25/9/2005,2005,NA,Ningaui timealeyi,Nt,WAM_M61041,Chichester,797259.1903,7682362.164,128,55
DEC02363,Coongan River 3,-20.9353,119.8581,25/9/2005,2005,M,Ningaui timealeyi,Nt,WAM_M61042,Chichester,797259.1903,7682362.164,128,55
DEC02365,Yarrie 3,-20.7236,120.2022,2/10/2005,2005,M,Ningaui timealeyi,Nt,WAM_M61063,Chichester,833540.713,7705141.224,129,65
DEC02366,Yarrie 2,-20.7669,120.3767,2/10/2005,2005,M,Ningaui timealeyi,Nt,WAM_M61065,Chichester,851631.8036,7699972.972,130,60
DEC02367,Tom Price 9,-22.8092,117.4775,4/10/2005,2005,M,Ningaui timealeyi,Nt,WAM_M61794,Hamersley,549003.8365,7477522.326,131,22
DEC02368,Tom Price 8,-22.3778,117.4667,4/10/2005,2005,M,Ningaui timealeyi,Nt,WAM_M61795,Hamersley,548044.9064,7525280.415,132,27
DEC02370,Tom Price 7,-22.3214,117.4794,2/10/2005,2005,M,Ningaui timealeyi,Nt,WAM_M61800,Hamersley,549372.2062,7531519.419,133,27
DEC02371,Tom Price 6,-22.72,117.5106,2/10/2005,2005,M,Ningaui timealeyi,Nt,WAM_M61801,Hamersley,552434.864,7487385.37,134,22
DEC02373,Tom Price 5,-22.6658,117.6128,1/10/2005,2005,M,Ningaui timealeyi,Nt,WAM_M61803,Hamersley,562955.0692,7493345.564,135,18
DEC02374,Tom Price 9,-22.7975,117.4944,1/10/2005,2005,M,Ningaui timealeyi,Nt,WAM_M61806,Hamersley,550742.5745,7478811.812,136,22
DEC02375,Tom Price 4,-22.295,117.4728,1/10/2005,2005,M,Ningaui timealeyi,Nt,WAM_M61807,Hamersley,548701.6314,7534443.856,137,27
DEC02377,Tom Price 7,-22.3214,117.4794,30/9/2005,2005,F,Ningaui timealeyi,Nt,WAM_M61809,Hamersley,549372.2062,7531519.419,133,27
DEC02378,Tom Price 9,-22.8092,117.4775,30/9/2005,2005,NA,Ningaui timealeyi,Nt,WAM_M61813,Hamersley,549003.8365,7477522.326,131,22
DEC02379,Wodgina 7,-21.0717,118.6797,26/9/2005,2005,M,Ningaui timealeyi,Nt,WAM_M61820,Chichester,674504.3848,7668997.249,138,70
DEC02380,Wodgina 6,-21.2797,118.6989,25/9/2005,2005,M,Ningaui timealeyi,Nt,WAM_M61823,Chichester,676252.7865,7645948.155,139,50
DEC02381,Wodgina 5,-21.0628,118.9111,23/9/2005,2005,M,Ningaui timealeyi,Nt,WAM_M61831,Chichester,698562.6525,7669711.648,140,69
DEC02383,Wodgina 4,-21.0953,118.8864,22/9/2005,2005,M,Ningaui timealeyi,Nt,WAM_M61837,Chichester,695953.009,7666143.88,141,69
DEC02385,Wodgina 3,-21.1281,118.6894,22/9/2005,2005,M,Ningaui timealeyi,Nt,WAM_M61841,Chichester,675446.0394,7662742.551,142,70
DEC02386,Wodgina 3,-21.1281,118.6894,22/9/2005,2005,F,Ningaui timealeyi,Nt,WAM_M61842,Chichester,675446.0394,7662742.551,142,70
DEC02390,Paraburdoo 5,-23.3397,117.8011,1/6/2006,2006,M,Ningaui timealeyi,Nt,WAM_M64793,Hamersley,581892.9169,7418647.909,143,3
DEC02392,Marble Bar 3,-21.2878,119.6756,10/10/2005,2005,NA,Ningaui timealeyi,Nt,WAM_M56666,Chichester,777610.2098,7643645.739,144,52
DEC02393,Wodgina 4,-21.0953,118.8864,13/5/2006,2006,F,Ningaui timealeyi,Nt,WAM_M64663,Chichester,695953.009,7666143.88,141,69
DEC02394,Wodgina 2,-21.1147,118.8517,13/5/2006,2006,M,Ningaui timealeyi,Nt,WAM_M64669,Chichester,692322.538,7664038.313,145,69
DEC02395,Wodgina 4,-21.0953,118.8864,14/5/2006,2006,M,Ningaui timealeyi,Nt,WAM_M64671,Chichester,695953.009,7666143.88,141,69
DEC02397,Wodgina 5,-21.0628,118.9111,15/5/2006,2006,F,Ningaui timealeyi,Nt,WAM_M64674,Chichester,698562.6525,7669711.648,140,69
DEC02398,Wodgina 6,-21.2797,118.6989,17/5/2006,2006,M,Ningaui timealeyi,Nt,WAM_M64681,Chichester,676252.7865,7645948.155,139,50
DEC02401,Wodgina,-21.0636,118.7608,18/5/2006,2006,NA,Ningaui timealeyi,Nt,WAM_M64687,Chichester,682941.7256,7669803.022,146,70
DEC02402,Tom Price 6,-22.72,117.5106,21/5/2006,2006,F,Ningaui timealeyi,Nt,WAM_M64707,Hamersley,552434.864,7487385.37,134,22
DEC02403,Tom Price 3,-22.8261,117.3711,21/5/2006,2006,M,Ningaui timealeyi,Nt,WAM_M64709,Hamersley,538079.6256,7475682.865,147,21
DEC02405,Tom Price 6,-22.72,117.5106,22/5/2006,2006,M,Ningaui timealeyi,Nt,WAM_M64720,Hamersley,552434.864,7487385.37,134,22
DEC02406,Tom Price 5,-22.6658,117.6128,22/5/2006,2006,F,Ningaui timealeyi,Nt,WAM_M64723,Hamersley,562955.0692,7493345.564,135,18
DEC02407,Tom Price 9,-22.7975,117.4944,22/5/2006,2006,F,Ningaui timealeyi,Nt,WAM_M64725,Hamersley,550742.5745,7478811.812,136,22
DEC02409,Tom Price 2,-22.5044,117.6494,26/5/2006,2006,M,Ningaui timealeyi,Nt,WAM_M64755,Hamersley,566793.0015,7511196.422,148,28
DEC02411,Paraburdoo 4,-23.3181,117.8714,28/5/2006,2006,M,Ningaui timealeyi,Nt,WAM_M64759,Hamersley,589094.1471,7420997.753,149,3
DEC02413,Paraburdoo 3,-23.4189,117.8419,29/5/2006,2006,M,Ningaui timealeyi,Nt,WAM_M64768,Hamersley,586012.7922,7409855.721,150,3
DEC02414,Paraburdoo 2,-23.3758,117.9897,29/5/2006,2006,M,Ningaui timealeyi,Nt,WAM_M64771,Hamersley,601146.486,7414531.67,151,4
DEC02417,Paraburdoo,-23.3353,118.0361,31/5/2006,2006,M,Ningaui timealeyi,Nt,WAM_M64785,Hamersley,605921.0238,7418982.449,152,4
DEC02419,Paraburdoo 4,-23.3181,117.8714,31/5/2006,2006,F,Ningaui timealeyi,Nt,WAM_M64791,Hamersley,589094.1471,7420997.753,149,3
DEC01714,Yandicoogina 2,-22.7366,119.0669,22/3/1996,1996,F,Pseudomys chapmani,Pc,WAM_M47153,Hamersley,712260.3366,7484157.897,1,9
DEC01718,Yandicoogina 2,-22.7319,119.0675,00/03/1996,1996,M,Pseudomys chapmani,Pc,WAM_M47157,Hamersley,712329.2343,7484677.548,4,9
DEC01719,Yandicoogina 2,-22.7319,119.0675,00/03/1996,1996,F,Pseudomys chapmani,Pc,WAM_M47158,Hamersley,712329.2343,7484677.548,4,9
DEC01721,Yandicoogina 2,-22.7394,119.0722,00/03/1996,1996,F,Pseudomys chapmani,Pc,WAM_M47160,Hamersley,712800.4508,7483840.201,6,9
DEC01722,Yandicoogina 2,-22.7377,119.0728,00/03/1996,1996,M,Pseudomys chapmani,Pc,WAM_M47162,Hamersley,712864.7194,7484027.609,5,9
DEC01724,Yandicoogina 2,-22.733,119.0667,00/03/1996,1996,M,Pseudomys chapmani,Pc,WAM_M47164,Hamersley,712245.3515,7484556.872,8,9
DEC01725,Yandicoogina 2,-22.7375,119.0744,00/03/1996,1996,M,Pseudomys chapmani,Pc,WAM_M47165,Hamersley,713029.3911,7484047.458,9,9
DEC01726,Yandicoogina 2,-22.7333,119.0658,00/03/1996,1996,M,Pseudomys chapmani,Pc,WAM_M47166,Hamersley,712152.4321,7484524.937,10,9
DEC01728,Yandicoogina 2,-22.7383,119.0703,00/03/1996,1996,M,Pseudomys chapmani,Pc,WAM_M47168,Hamersley,712606.9763,7483964.751,12,9
DEC01729,Yandicoogina 2,-22.7377,119.0728,00/03/1996,1996,F,Pseudomys chapmani,Pc,WAM_M47169,Hamersley,712864.7194,7484027.609,5,9
DEC01731,Yandicoogina 2,-22.7327,119.0633,00/03/1996,1996,F,Pseudomys chapmani,Pc,WAM_M47172,Hamersley,711896.5351,7484594.963,14,9
DEC01732,Yandicoogina 2,-22.7352,119.0694,00/03/1996,1996,M,Pseudomys chapmani,Pc,WAM_M47173,Hamersley,712519.3181,7484309.358,7,9
DEC01733,Yandicoogina 2,-22.7391,119.0722,00/03/1996,1996,F,Pseudomys chapmani,Pc,WAM_M47174,Hamersley,712800.9155,7483873.425,15,9
DEC01736,West Angelas Hill,-23.1947,118.5964,15/8/1999,1999,NA,Pseudomys chapmani,Pc,WAM_M52165,Hamersley,663380.6059,7434030.125,17,5
DEC01738,Meentheena 2,-21.2827,120.4497,27/5/2000,2000,M,Pseudomys chapmani,Pc,WAM_M51631,Chichester,858004.2016,7642649.48,18,29
DEC01739,Meentheena 2,-21.2288,120.4553,28/5/2000,2000,F,Pseudomys chapmani,Pc,WAM_M51654,Chichester,858716.642,7648610.24,19,29
DEC01743,Mount Minnie 1,-22.0161,115.5986,29/6/2000,2000,F,Pseudomys chapmani,Pc,WAM_M51698,Hamersley,355352.2015,7564727.775,20,21
DEC01744,Mount Minnie 1,-22.0161,115.5986,29/6/2000,2000,M,Pseudomys chapmani,Pc,WAM_M51699,Hamersley,355352.2015,7564727.775,20,21
DEC01745,Mount Minnie 2,-22.1016,115.3072,29/6/2000,2000,F,Pseudomys chapmani,Pc,WAM_M51701,Cape Range,325374.1543,7554956.487,21,20
DEC01746,Mount Minnie 2,-22.1016,115.3072,29/6/2000,2000,F,Pseudomys chapmani,Pc,WAM_M51702,Cape Range,325374.1543,7554956.487,21,20
DEC01747,Meentheena 2,-21.2852,120.4153,28/9/2000,2000,F,Pseudomys chapmani,Pc,WAM_M51723,Chichester,854425.0716,7642450.216,22,29
DEC01748,Meentheena 2,-21.2852,120.4153,28/9/2000,2000,M,Pseudomys chapmani,Pc,WAM_M51726,Chichester,854425.0716,7642450.216,22,29
DEC01749,Wandanya,-22.2166,121.3,13/10/1992,1992,F,Pseudomys chapmani,Pc,WAM_M40557,Chichester,943471.7526,7536897.864,23,19
DEC01751,East Wandanya,-22.1675,121.4,13/10/1992,1992,F,Pseudomys chapmani,Pc,WAM_M40559,Trainor,953957.7625,7542047.163,24,17
DEC01753,Marandoo 3,-22.5833,118.0167,20/6/1993,1993,F,Pseudomys chapmani,Pc,WAM_M44021,Hamersley,604513.9405,7502251.471,25,37
DEC01756,Mount Windell,-22.63,118.6139,29/7/1991,1991,M,Pseudomys chapmani,Pc,WAM_M36741,Hamersley,665857.835,7496539.198,26,38
DEC01758,Brockman Mine 1,-22.4113,117.4333,20/11/1998,1998,M,Pseudomys chapmani,Pc,WAM_M52426,Hamersley,544595.7764,7521582.461,27,15
DEC01759,Mount Mckay,-22.4154,119.984,17/10/2004,2004,NA,Pseudomys chapmani,Pc,WAM_M57297,Chichester,807205.0678,7518140.58,28,14
DEC01760,Cowra Line,-22.0688,118.9787,1/5/2005,2005,NA,Pseudomys chapmani,Pc,WAM_M57918,Chichester,704173.7484,7558232.833,29,22
DEC01761,Wheelarra Hill,-23.4583,120.1558,25/5/2006,2006,NA,Pseudomys chapmani,Pc,WAM_M61709,Augustus,822421.1712,7402207.955,30,1
DEC01762,Balfour Downs,-22.5164,120.6594,13/10/2005,2005,NA,Pseudomys chapmani,Pc,WAM_M60556,Chichester,876525.6842,7505404.101,31,12
DEC01763,Meentheena 2,-21.2813,120.4806,26/5/2001,2001,M,Pseudomys chapmani,Pc,WAM_M51794,Chichester,861217.2918,7642734.094,32,29
DEC01764,Cane River,-22.0626,115.6189,12/5/2002,2002,M,Pseudomys chapmani,Pc,WAM_M51833,Hamersley,357494.3688,7559598.85,33,21
DEC01765,Meentheena 1,-21.4169,120.4011,17/9/2001,2001,F,Pseudomys chapmani,Pc,WAM_M51808,Chichester,852634.3617,7627886.882,34,25
DEC01766,Newman 1,-23.3211,119.9378,1/4/2004,2004,F,Pseudomys chapmani,Pc,WAM_M55241,Hamersley,800444.3862,7417882.709,35,3
DEC01768,Paraburdoo,-23.3397,117.8011,12/10/2005,2005,NA,Pseudomys chapmani,Pc,WAM_M61784,Hamersley,581892.9169,7418647.909,36,4
DEC01770,Brockman Mine 1,-22.4113,117.4333,17/11/1998,1998,F,Pseudomys chapmani,Pc,WAM_M52405,Hamersley,544595.7764,7521582.461,27,15
DEC01772,Roy Hill,-22.6027,120.4128,10/7/2004,2004,M,Pseudomys chapmani,Pc,WAM_M56526,Fortescue,850911.3678,7496440.173,37,36
DEC01773,Newman 4,-23.1575,118.7464,12/6/1997,1997,F,Pseudomys chapmani,Pc,WAM_M47640,Hamersley,678784.6707,7437973.11,38,6
DEC01774,Newman 7,-23.4833,120.2,00/01/1996,1996,M,Pseudomys chapmani,Pc,WAM_M47645,Augustus,826878.5007,7399337.446,39,1
DEC01781,Newman 4,-23.1202,118.7981,19/6/1997,1997,M,Pseudomys chapmani,Pc,WAM_M47664,Hamersley,684129.5159,7442039.281,40,6
DEC01782,Newman 6,-23.3666,119.7333,NA,0,NA,Pseudomys chapmani,Pc,WAM_M47663,Hamersley,779423.7348,7413252.004,41,2
DEC01784,Millstream,-21.33,117.1889,7/7/1997,1997,F,Pseudomys chapmani,Pc,WAM_M47716,Chichester,519588.7035,7641317.901,42,28
DEC01788,West Angeles,-23.1905,118.8261,5/5/2004,2004,M,Pseudomys chapmani,Pc,WAM_M55086,Hamersley,686899.8489,7434218.56,44,6
DEC01790,Marandoo 2,-22.6166,118.1333,4/5/1992,1992,M,Pseudomys chapmani,Pc,WAM_M36869,Hamersley,616473.1231,7498478.463,45,40
DEC01791,Tom Price 1,-22.75,117.7667,6/11/1996,1996,M,Pseudomys chapmani,Pc,WAM_M47327,Hamersley,578718.1978,7483951.047,46,10
DEC01792,Brockman Mine 2,-22.2919,117.3008,9/5/1999,1999,M,Pseudomys chapmani,Pc,WAM_M47861,Hamersley,530984.9891,7534832.375,47,16
DEC01793,Yandicoogina 1,-21.4166,120.1667,00/03/1996,1996,NA,Pseudomys chapmani,Pc,WAM_M47178,Chichester,828312.9133,7628429.719,16,26
DEC01794,Yandicoogina 2,-22.7327,119.0667,00/03/1996,1996,M,Pseudomys chapmani,Pc,WAM_M47171,Hamersley,712245.8148,7484590.096,48,9
DEC01795,Yandicoogina 2,-22.7375,119.0694,00/03/1996,1996,F,Pseudomys chapmani,Pc,WAM_M47161,Hamersley,712515.7609,7484054.64,49,9
DEC01951,Mount Bruce,-22.6214,118.3147,31/5/2006,2006,NA,Pseudomys chapmani,Pc,WAM_M61627,Hamersley,635113.6919,7497793.829,50,39
DEC01952,Tom Price 3,-22.68,117.8478,30/5/2006,2006,NA,Pseudomys chapmani,Pc,WAM_M61655,Hamersley,587089.5417,7491654.977,51,11
DEC01953,Mount Bruce,-22.5833,118.2903,29/5/2006,2006,M,Pseudomys chapmani,Pc,WAM_M61662,Hamersley,632642.2795,7502033.97,52,39
DEC01954,Mount Bruce,-22.6219,118.3511,28/5/2006,2006,NA,Pseudomys chapmani,Pc,WAM_M61679,Hamersley,638854.5574,7497704.987,53,39
DEC01955,Whim Creek,-20.8699,117.8588,2/10/2004,2004,NA,Pseudomys chapmani,Pc,WAM_M54282,Chichester,589333.6906,7692012.253,54,32
DEC01956,Meentheena 3,-21.3044,121.2004,9/10/2004,2004,NA,Pseudomys chapmani,Pc,WAM_M54301,Chichester,935940.7428,7638350.01,55,27
DEC01957,Meentheena 3,-21.3044,121.2004,10/10/2004,2004,M,Pseudomys chapmani,Pc,WAM_M54307,Chichester,935940.7428,7638350.01,55,27
DEC01958,Meentheena 3,-21.3044,121.2004,11/10/2004,2004,NA,Pseudomys chapmani,Pc,WAM_M54309,Chichester,935940.7428,7638350.01,55,27
DEC01960,Newman 3,-22.9366,118.9094,31/5/2004,2004,F,Pseudomys chapmani,Pc,WAM_M55289,Hamersley,695794.9033,7462226.826,56,7
DEC02427,Mount Brockman,-22.4666,117.3,13/4/1994,1994,M,Pseudomys chapmani,Pc,WAM_M43176,Hamersley,530864.0307,7515494.609,58,13
DEC02428,Python Pool,-21.35,117.2333,20/8/1992,1992,F,Pseudomys chapmani,Pc,WAM_M40537,Chichester,524189.6674,7639098.174,59,28
DEC02429,Yarrie Plateau,-20.5833,120.3333,28/1/1993,1993,M,Pseudomys chapmani,Pc,WAM_M40672,Chichester,847526.8561,7720411.747,60,34
DEC02430,Warrawagine,-20.9169,120.6241667,3/10/2005,2005,NA,Pseudomys chapmani,Pc,WAM_M61076,Chichester,877052.0511,7682787.898,61,30
DEC02431,Mount Elvire,-21.6828,116.7522222,25/5/2006,2006,NA,Pseudomys chapmani,Pc,WAM_M60620,Chichester,474367.6212,7602261.482,62,24
DEC02432,Mount Mckay,-22.4154,119.9838889,5/5/2005,2005,NA,Pseudomys chapmani,Pc,WAM_M57923,Chichester,807193.6225,7518140.808,63,14
DEC02433,Bonney Downs,-22.0947,119.7533333,7/5/2005,2005,NA,Pseudomys chapmani,Pc,WAM_M57928,Chichester,784091.2509,7554122.15,64,18
DEC02434,Cape Lambert,-20.6711,117.0811,26/10/1998,1998,F,Pseudomys chapmani,Pc,WAM_M41303,Chichester,508446.9546,7714249.816,65,33
DEC02435,Wodgina,-21.0311,118.9105556,28/9/2005,2005,NA,Pseudomys chapmani,Pc,WAM_M61819,Chichester,698548.1212,7673222.129,66,35
DEC02436,Mount Bruce,-22.5833,118.2902778,24/9/2005,2005,NA,Pseudomys chapmani,Pc,WAM_M60506,Hamersley,632639.9971,7502033.99,67,39
DEC02439,Tom Price 4,-22.8092,117.4775,22/5/2006,2006,NA,Pseudomys chapmani,Pc,WAM_M64727,Hamersley,549003.8365,7477522.326,69,8
DEC02440,Paraburdoo,-23.3397,117.8011111,31/5/2006,2006,NA,Pseudomys chapmani,Pc,WAM_M64788,Hamersley,581894.0517,7418647.902,68,4
DEC02442,Coongan River,-20.8983,119.5905556,16/5/2006,2006,NA,Pseudomys chapmani,Pc,WAM_M60004,Chichester,769484.2411,7686933.534,71,31
DEC02443,Coongan River,-20.8983,119.5905556,11/5/2006,2006,NA,Pseudomys chapmani,Pc,WAM_M56920,Chichester,769484.2411,7686933.534,71,31
DEC02444,Peedamulla,-21.9481,115.83,11/5/2006,2006,NA,Pseudomys chapmani,Pc,WAM_M60567,Hamersley,379181.6249,7572456.513,70,23
DEC02446,Tom Price 2,-22.8158,117.7669,00/11/1997,1997,F,Pseudomys chapmani,Pc,WAM_M47845,Hamersley,578700.9748,7476666.639,72,10
DEC02447,Newman 5,-23.3722,120.1433,NA,NA,F,Pseudomys chapmani,Pc,WAM_M41905,Hamersley,821351.4225,7411777.584,73,1
DEC02448,Paraburdoo,-23.3397,117.8011111,29/5/2006,2006,NA,Pseudomys chapmani,Pc,WAM_M64772,Hamersley,581894.0517,7418647.902,68,4
DEC02449,Mount Mckay,-22.4154,119.9838889,17/10/2004,2004,NA,Pseudomys chapmani,Pc,WAM_M57300,Chichester,807193.6225,7518140.808,63,14
DEC02450,Mount Marsh,-22.5358,118.9975,1/5/2005,2005,NA,Pseudomys chapmani,Pc,WAM_M57917,Hamersley,705429.7272,7506492.73,74,41
DEC02451,Mount Mckay,-22.4154,119.9838889,18/10/2004,2004,NA,Pseudomys chapmani,Pc,WAM_M57312,Chichester,807193.6225,7518140.808,63,14
DEC01825,Woodstock 1,-21.7336,118.8356,24/6/2001,2001,F,Pseudomys hermannsburgensis,Ph,WAM_M48952,Chichester,689847.7533,7595532.95,1,57
DEC01827,Mulga Downs 1,-22.2263,118.9756,24/6/2001,2001,F,Pseudomys hermannsburgensis,Ph,WAM_M48959,Fortescue,703626.9764,7540796.156,2,43
DEC01828,Kangan Marble Bar 1,-21.3247,118.8633,25/6/2001,2001,F,Pseudomys hermannsburgensis,Ph,WAM_M48965,Chichester,693253.882,7640773.221,3,71
DEC01829,Kangan Marble Bar 2,-21.2597,118.815,26/6/2001,2001,NA,Pseudomys hermannsburgensis,Ph,WAM_M48966,Chichester,688325.9561,7648028.385,4,71
DEC01830,Mulga Downs 2,-22.070948,118.978645,1/5/2003,2003,F,Pseudomys hermannsburgensis,Ph,WAM_M48970,Chichester,704164.9839,7557995.049,5,97
DEC01831,Marillana Newman 1,-22.821384,119.287727,25/4/2003,2003,F,Pseudomys hermannsburgensis,Ph,WAM_M48996,Fortescue,734801.0191,7474433.958,6,27
DEC01834,Yandeyarra,-21.940196,118.961895,4/5/2003,2003,F,Pseudomys hermannsburgensis,Ph,WAM_M49016,Chichester,702621.9941,7572495.965,7,48
DEC01835,Peedamulla 1,-21.7308,115.0978,15/9/2003,2003,M,Pseudomys hermannsburgensis,Ph,WAM_M49021,Cape Range,303258.482,7595759.737,8,58
DEC01836,Marillana Newman 2,-22.8333,119.3833,00/03/2004,2004,M,Pseudomys hermannsburgensis,Ph,WAM_M55078,Hamersley,744592.7521,7472958.853,9,27
DEC01838,West Angelas Mine,-23.2027,118.8333,6/5/2004,2004,M,Pseudomys hermannsburgensis,Ph,WAM_M55096,Hamersley,687619.9038,7432858.237,10,5
DEC01839,West Angelas Mine,-23.1905,118.8261,10/5/2004,2004,M,Pseudomys hermannsburgensis,Ph,WAM_M55106,Hamersley,686899.8489,7434218.56,11,5
DEC01840,Ethel Creek Newman 1,-23.3194,119.9533,1/4/2004,2004,M,Pseudomys hermannsburgensis,Ph,WAM_M55242,Hamersley,802034.3632,7418038.769,12,12
DEC01841,Sth Pannawonica,-21.7808,116.2453,3/5/2005,2005,M,Pseudomys hermannsburgensis,Ph,WAM_M56149,Hamersley,421978.4329,7591244.411,13,55
DEC01843,Nifty Mine,-21.693,121.6581,7/10/2005,2005,M,Pseudomys hermannsburgensis,Ph,WAM_M62137,Mackay,982229.7199,7593896.247,14,56
DEC01846,West Newman 1,-23.3816,119.6253,11/9/2006,2006,NA,Pseudomys hermannsburgensis,Ph,WAM_M64920,Hamersley,768347.2821,7411795.249,15,9
DEC01847,Sylvania Capricorn,-23.3869,120.1464,16/6/2005,2005,NA,Pseudomys hermannsburgensis,Ph,WAM_M41906,Hamersley,821633.0312,7410141.614,16,3
DEC01848,East Karijini,-22.8666,119.0833,29/4/1997,1997,M,Pseudomys hermannsburgensis,Ph,WAM_M47537,Hamersley,713742.0913,7469736.998,17,26
DEC01849,Ethel Creek Newman 2,-23.3108,119.8225,20/6/1997,1997,NA,Pseudomys hermannsburgensis,Ph,WAM_M47665,Hamersley,788668.3683,7419258.91,18,13
DEC01851,Nth Millstream,-21.1383,117.1158,5/7/1997,1997,M,Pseudomys hermannsburgensis,Ph,WAM_M47717,Chichester,512023.8416,7662541.815,19,67
DEC01853,West Newman 2,-23.3333,119.5667,6/11/1997,1997,NA,Pseudomys hermannsburgensis,Ph,WAM_M48513,Hamersley,762449.7344,7417253.821,20,9
DEC01854,Lake Wilderness,-24.0752,120.3606,11/10/1996,1996,M,Pseudomys hermannsburgensis,Ph,WAM_M44953,Trainor,841742.9522,7333356.151,21,1
DEC01856,Lake Wilderness,-24.0794,120.3375,11/10/1996,1996,F,Pseudomys hermannsburgensis,Ph,WAM_M44960,Trainor,839381.0216,7332946.737,22,1
DEC01857,Lake Wilderness,-24.1113,120.3194,11/10/1996,1996,F,Pseudomys hermannsburgensis,Ph,WAM_M44961,Trainor,837455.372,7329454.646,23,1
DEC01858,Lake Wilderness,-24.1047,120.325,12/10/1996,1996,F,Pseudomys hermannsburgensis,Ph,WAM_M44968,Trainor,838042.4654,7330172.683,24,1
DEC01863,Roy Hill Newman 1,-22.42,119.9064,6/7/2004,2004,M,Pseudomys hermannsburgensis,Ph,WAM_M55130,Fortescue,799201.2614,7517787.761,25,41
DEC01864,Roy Hill Newman 2,-22.3894,119.7753,5/7/2004,2004,F,Pseudomys hermannsburgensis,Ph,WAM_M55140,Fortescue,785760.0057,7521433.336,26,41
DEC01866,Roy Hill Newman 1,-22.4025,119.8611,9/7/2004,2004,M,Pseudomys hermannsburgensis,Ph,WAM_M56518,Fortescue,794571.9757,7519816.238,27,41
DEC01868,Balfour Downs Newman 5,-22.8322,120.4833,11/7/2004,2004,M,Pseudomys hermannsburgensis,Ph,WAM_M56522,Fortescue,857568.6175,7470834.282,28,30
DEC01870,Balfour Downs Newman 5,-22.8322,120.4833,11/7/2004,2004,M,Pseudomys hermannsburgensis,Ph,WAM_M56524,Fortescue,857568.6175,7470834.282,28,30
DEC01871,Balfour Downs Newman 5,-22.7838,120.5006,11/7/2004,2004,M,Pseudomys hermannsburgensis,Ph,WAM_M56525,Fortescue,859473.2728,7476156.978,29,30
DEC01873,Balfour Downs Newman 5,-22.7541,120.4775,12/7/2004,2004,M,Pseudomys hermannsburgensis,Ph,WAM_M56531,Fortescue,857176.5181,7479504.996,30,30
DEC01875,Balfour Downs Newman 5,-22.7419,120.4731,12/7/2004,2004,F,Pseudomys hermannsburgensis,Ph,WAM_M56535,Fortescue,856755.9352,7480867.867,31,30
DEC01877,Yalleen Fortescue 1,-21.8563,116.3472,16/3/2005,2005,M,Pseudomys hermannsburgensis,Ph,WAM_M56305,Hamersley,432548.6956,7582935.425,32,50
DEC01878,Bungaroo Ck,-21.9413,116.4539,15/3/2005,2005,M,Pseudomys hermannsburgensis,Ph,WAM_M56306,Hamersley,443607.3084,7573569.865,33,47
DEC01880,Bungaroo Ck,-21.9511,116.4653,16/3/2005,2005,M,Pseudomys hermannsburgensis,Ph,WAM_M56310,Hamersley,444788.3312,7572489.265,34,47
DEC01881,Bungaroo Ck,-21.9483,116.4636,20/3/2005,2005,M,Pseudomys hermannsburgensis,Ph,WAM_M56315,Hamersley,444611.7055,7572798.58,35,47
DEC01884,Bonney Downs Nullagine 1,-21.9652,120.1225,3/9/2006,2006,NA,Pseudomys hermannsburgensis,Ph,WAM_M64910,Chichester,822501.4259,7567735.635,36,45
DEC01885,Woodstock 2,-21.593,119.0778,NA,NA,M,Pseudomys hermannsburgensis,Ph,WAM_M29462,Chichester,715113.4753,7610785.268,37,64
DEC01886,Karijini 1,-22.6027,118.4597,3/8/1991,1991,M,Pseudomys hermannsburgensis,Ph,WAM_M36739,Hamersley,650038.0175,7499725.467,38,19
DEC01888,Juna Downs 1,-22.6244,118.6072,2/8/1991,1991,M,Pseudomys hermannsburgensis,Ph,WAM_M36746,Hamersley,665175.8524,7497166.711,39,17
DEC01889,Karijini 1,-22.6,118.5119,30/7/1991,1991,M,Pseudomys hermannsburgensis,Ph,WAM_M36748,Hamersley,655407.3937,7499970.918,40,19
DEC01890,Karijini 1,-22.6005,118.4647,30/7/1991,1991,F,Pseudomys hermannsburgensis,Ph,WAM_M36756,Hamersley,650554.4249,7499964.007,41,19
DEC01892,Rocklea 1,-22.4666,117.3,12/4/1994,1994,NA,Pseudomys hermannsburgensis,Ph,WAM_M43175,Hamersley,530864.0307,7515494.609,42,39
DEC01893,Finucane Island,-20.3166,118.5667,16/6/2005,2005,M,Pseudomys hermannsburgensis,Ph,WAM_M43344,Roebourne,663570.4389,7752706.497,43,81
DEC01895,Woodstock 3,-21.6116,118.9556,NA,NA,M,Pseudomys hermannsburgensis,Ph,WAM_M28635,Chichester,702432.5671,7608889.721,44,63
DEC01896,Nifty Mine,-21.6666,121.5833,00/04/1994,1994,M,Pseudomys hermannsburgensis,Ph,WAM_M43170,Mackay,974560.5968,7597056.805,45,56
DEC01899,Downes Island,-20.3083,118.5222,5/8/1994,1994,M,Pseudomys hermannsburgensis,Ph,WAM_M41863,Roebourne,658932.0691,7753668.757,46,81
DEC01900,SE Minnie Springs,-23.0797,115.7903,9/10/1995,1995,M,Pseudomys hermannsburgensis,Ph,WAM_M44927,Ashburton,376094.5803,7447144.613,47,6
DEC01902,Mount Sheila 1,-22.2919,117.2989,5/5/1999,1999,M,Pseudomys hermannsburgensis,Ph,WAM_M47851,Hamersley,530789.2715,7534832.764,48,35
DEC01903,Mt Welcome 1,-20.6711,117.0811,00/10/1998,1998,NA,Pseudomys hermannsburgensis,Ph,WAM_M44137,Chichester,508446.9546,7714249.816,49,93
DEC01904,Mt Welcome 1,-20.6711,117.0811,00/10/1998,1998,NA,Pseudomys hermannsburgensis,Ph,WAM_M44138,Chichester,508446.9546,7714249.816,49,93
DEC01905,Nifty Mine,-21.6975,121.6753,7/5/1997,1997,M,Pseudomys hermannsburgensis,Ph,WAM_M45020,Mackay,983998.1434,7593343.147,50,56
DEC01906,Nifty Mine,-21.6488,121.5583,8/5/1997,1997,M,Pseudomys hermannsburgensis,Ph,WAM_M45022,Mackay,972026.1569,7599108.032,51,56
DEC01907,Nifty Mine,-21.6811,121.6414,14/5/1997,1997,F,Pseudomys hermannsburgensis,Ph,WAM_M45024,Mackay,980537.6895,7595268.587,52,56
DEC01908,Nifty Mine,-21.6816,121.6336,15/5/1997,1997,M,Pseudomys hermannsburgensis,Ph,WAM_M45025,Mackay,979727.1809,7595237.354,53,56
DEC01909,Indee,-20.78,118.64,3/5/2001,2001,M,Pseudomys hermannsburgensis,Ph,WAM_M48891,Chichester,670709.3175,7701333.107,54,88
DEC01910,Wallareenya Marble Bar,-21.01,118.7,3/5/2001,2001,M,Pseudomys hermannsburgensis,Ph,WAM_M48898,Chichester,676686.6037,7675805.661,55,69
DEC01922,Yarrie Marble Bar 1,-20.4411,120.2317,14/2/2004,2004,NA,Pseudomys hermannsburgensis,Ph,WAM_M55248,McLarty,837237.2174,7736381.312,56,83
DEC01923,East Warrawajine,-20.6908,120.8769,25/3/2004,2004,NA,Pseudomys hermannsburgensis,Ph,WAM_M55249,Mackay,903978.4528,7707237.537,57,90
DEC01924,Muccan Marble Bar 1,-20.3875,120.0517,17/2/2004,2004,M,Pseudomys hermannsburgensis,Ph,WAM_M55251,McLarty,818550.1974,7742679.723,58,86
DEC01925,Juna Downs 2,-22.9336,118.8958,2/6/2004,2004,M,Pseudomys hermannsburgensis,Ph,WAM_M55285,Hamersley,694404.2506,7462577.109,59,25
DEC01998,Cane River Conservation Park 1,-22.2652,115.5886,4/5/1999,1999,M,Pseudomys hermannsburgensis,Ph,WAM_M48524,Hamersley,354575.9729,7537139.891,60,94
DEC02000,Cane River Conservation Park 2,-22.1686,115.5722,4/5/1999,1999,F,Pseudomys hermannsburgensis,Ph,WAM_M48533,Hamersley,352785.1498,7547818.959,61,94
DEC02001,Cane River Conservation Park 2,-22.1991,115.5486,4/5/1999,1999,M,Pseudomys hermannsburgensis,Ph,WAM_M48535,Hamersley,350383.7797,7544419.103,62,94
DEC02003,Cane River Conservation Park 3,-22.2588,115.4636,4/5/1999,1999,M,Pseudomys hermannsburgensis,Ph,WAM_M48543,Roebourne,341687.2338,7537722.905,63,42
DEC02004,Marillana Newman 4,-22.62,119.25,30/4/2001,2001,M,Pseudomys hermannsburgensis,Ph,WAM_M48875,Fortescue,731265.9746,7496797.999,64,16
DEC02006,Bonney Downs Nullagine 3,-22.31,119.99,30/4/2001,2001,M,Pseudomys hermannsburgensis,Ph,WAM_M48881,Chichester,808055.2553,7529806.474,65,36
DEC02007,Marillana Newman 2,-22.8369,119.3753,28/11/1999,1999,NA,Pseudomys hermannsburgensis,Ph,WAM_M51421,Hamersley,743764.9793,7472573.345,66,27
DEC02008,Juna Downs 2,-22.9341,118.8875,6/6/2004,2004,NA,Pseudomys hermannsburgensis,Ph,WAM_M55294,Hamersley,693552.2022,7462532.695,67,25
DEC02009,Balfour Downs Newman 6,-22.6252,120.4119,13/7/2004,2004,M,Pseudomys hermannsburgensis,Ph,WAM_M56094,Fortescue,850761.5803,7493948.539,68,24
DEC02010,Marillana Newman 5,-22.5,119.2333,30/4/2001,2001,M,Pseudomys hermannsburgensis,Ph,WAM_M48867,Fortescue,729747.6967,7510114.256,69,37
DEC02013,Ex Nanutarra 1,-21.2888,120.4719,29/5/2000,2000,M,Pseudomys hermannsburgensis,Ph,WAM_M51660,Chichester,860295.2767,7641922.815,70,72
DEC02014,Ex Mt Minnie 1,-21.8833,115.1614,24/6/2000,2000,M,Pseudomys hermannsburgensis,Ph,WAM_M51678,Cape Range,310039.5657,7578953.738,71,51
DEC02016,Ex Mt Minnie 2,-22.1016,115.3072,27/6/2000,2000,M,Pseudomys hermannsburgensis,Ph,WAM_M51689,Cape Range,325374.1543,7554956.487,72,44
DEC02018,Ex Mt Minnie 1,-21.8758,115.1547,28/6/2000,2000,M,Pseudomys hermannsburgensis,Ph,WAM_M51694,Cape Range,309337.191,7579775.885,73,51
DEC02021,Ex Nanutarra 2,-21.2288,120.4258,29/9/2000,2000,F,Pseudomys hermannsburgensis,Ph,WAM_M51737,Chichester,855651.3357,7648676.971,74,72
DEC02024,De Grey 1,-20.3117,119.0939,15/10/2005,2005,NA,Pseudomys hermannsburgensis,Ph,WAM_M61118,Roebourne,718635.7166,7752638.131,75,82
DEC02025,Karijini 2,-22.6214,118.3147,27/5/2006,2006,M,Pseudomys hermannsburgensis,Ph,WAM_M61695,Hamersley,635113.6919,7497793.829,76,18
DEC02026,East Newman 1,-23.3586,120.4592,20/5/2006,2006,M,Pseudomys hermannsburgensis,Ph,WAM_M61747,Fortescue,853709.0583,7412545.456,77,2
DEC02027,East Newman 2,-23.3917,120.5225,20/5/2006,2006,F,Pseudomys hermannsburgensis,Ph,WAM_M61749,Augustus,860097.56,7408719.655,78,2
DEC02028,Mt Divide Nullagine,-22.4125,121.0719,12/5/2006,2006,NA,Pseudomys hermannsburgensis,Ph,WAM_M61779,Chichester,919330.6477,7515826.204,79,33
DEC02029,Balfour Downs Newman 1,-22.7006,120.7372,11/5/2006,2006,NA,Pseudomys hermannsburgensis,Ph,WAM_M61783,Chichester,884025.947,7484785.078,80,20
DEC02030,Mininer Angelo River,-23.3644,117.6253,11/10/2005,2005,F,Pseudomys hermannsburgensis,Ph,WAM_M61786,Ashburton,563909.2669,7416002.025,81,11
DEC02031,Mininer Angelo River,-23.3644,117.6253,11/10/2005,2005,F,Pseudomys hermannsburgensis,Ph,WAM_M61788,Ashburton,563909.2669,7416002.025,81,11
DEC02032,Yalleen Fortescue 2,-21.6728,116.7253,4/10/2005,2005,NA,Pseudomys hermannsburgensis,Ph,WAM_M56625,Chichester,471580.5701,7603363.616,82,61
DEC02034,Sth Milstream 1,-21.7108,116.7658,7/10/2005,2005,NA,Pseudomys hermannsburgensis,Ph,WAM_M56646,Hamersley,475776.9209,7599164.552,83,61
DEC02035,Cane Red Hill 1,-21.9667,115.9761,28/9/2005,2005,NA,Pseudomys hermannsburgensis,Ph,WAM_M56797,Hamersley,394283.4405,7570505.508,84,46
DEC02036,Yarraloola Fortescue 1,-21.6892,115.8431,26/9/2005,2005,M,Pseudomys hermannsburgensis,Ph,WAM_M56812,Hamersley,380319.3972,7601127.009,85,59
DEC02037,Yarraloola Fortescue 2,-21.8983,115.7036,25/9/2005,2005,NA,Pseudomys hermannsburgensis,Ph,WAM_M56824,Hamersley,366080.99,7577864.615,86,49
DEC02038,Red Hill Peedamulla,-21.9481,115.83,25/9/2005,2005,NA,Pseudomys hermannsburgensis,Ph,WAM_M56825,Hamersley,379181.6249,7572456.513,87,46
DEC02039,Peedamulla 3,-21.7914,115.4642,24/9/2005,2005,NA,Pseudomys hermannsburgensis,Ph,WAM_M56837,Roebourne,341228.7642,7589471.773,88,52
DEC02040,Peedamulla 4,-21.7789,115.3669,24/9/2005,2005,NA,Pseudomys hermannsburgensis,Ph,WAM_M56842,Roebourne,331153.304,7590752.411,89,54
DEC02041,40 Mile Beach,-20.8446,116.3675,30/9/2004,2004,M,Pseudomys hermannsburgensis,Ph,WAM_M57239,Roebourne,434196.2227,7694921.502,90,68
DEC02042,Roy Hill Newman 3,-22.6907,119.7747,18/10/2004,2004,M,Pseudomys hermannsburgensis,Ph,WAM_M57311,Fortescue,785078.0484,7488054.756,91,22
DEC02043,Hillside Nullagine,-22.0947,119.7535,23/10/2004,2004,F,Pseudomys hermannsburgensis,Ph,WAM_M57331,Chichester,784108.4607,7554121.839,92,96
DEC02044,Mt Stuart Nanutarra,-22.4193,115.8378,17/5/2005,2005,NA,Pseudomys hermannsburgensis,Ph,WAM_M57875,Hamersley,380386.7336,7520298.509,93,40
DEC02047,Karijini 2,-22.6219,118.3511,22/9/2005,2005,M,Pseudomys hermannsburgensis,Ph,WAM_M60502,Hamersley,638854.5574,7497704.987,95,18
DEC02048,East Newman 3,-23.3639,120.2953,4/10/2005,2005,M,Pseudomys hermannsburgensis,Ph,WAM_M60544,Fortescue,836923.5173,7412350.484,96,4
DEC02049,Balfour Downs Newman 2,-22.7183,120.6464,11/10/2005,2005,F,Pseudomys hermannsburgensis,Ph,WAM_M60550,Chichester,874638.2568,7483055.52,97,20
DEC02050,Balfour Downs Newman 3,-22.6033,120.7833,13/10/2005,2005,F,Pseudomys hermannsburgensis,Ph,WAM_M60557,Chichester,889042.6475,7495452.055,98,15
DEC02051,East Newman 3,-23.3639,120.2953,20/5/2006,2006,NA,Pseudomys hermannsburgensis,Ph,WAM_M61752,Fortescue,836923.5173,7412350.484,96,4
DEC02055,Mt Divide Nullagine,-22.4125,121.0719,13/5/2006,2006,F,Pseudomys hermannsburgensis,Ph,WAM_M61775,Chichester,919330.6477,7515826.204,79,33
DEC02080,Burrup Peninsula,-20.63,116.78,23/6/2005,2005,F,Pseudomys hermannsburgensis,Ph,WAM_M49172,Roebourne,477079.747,7718784.887,99,74
DEC02081,Burrup Peninsula,-20.63,116.78,23/6/2005,2005,F,Pseudomys hermannsburgensis,Ph,WAM_M49173,Roebourne,477079.747,7718784.887,99,74
DEC02082,Mount Sheila 1,-22.3108,117.3,17/11/1998,1998,M,Pseudomys hermannsburgensis,Ph,WAM_M52410,Hamersley,530898.4249,7532740.476,100,35
DEC02083,Mount Sheila 1,-22.2919,117.2833,18/11/1998,1998,M,Pseudomys hermannsburgensis,Ph,WAM_M52411,Hamersley,529182.3277,7534835.861,101,35
DEC02084,Mount Sheila 2,-22.4141,117.355,20/11/1998,1998,F,Pseudomys hermannsburgensis,Ph,WAM_M52425,Hamersley,536536.2288,7521293.657,102,39
DEC02085,Mount Sheila 1,-22.3105,117.3167,22/11/1998,1998,M,Pseudomys hermannsburgensis,Ph,WAM_M52452,Hamersley,532618.5191,7532770.17,103,35
DEC02086,Mount Sheila 2,-22.4188,117.4,22/11/1998,1998,NA,Pseudomys hermannsburgensis,Ph,WAM_M52453,Hamersley,541166.2473,7520761.762,104,39
DEC02087,Morgan River,-20.3541,118.7011,20/9/2005,2005,M,Pseudomys hermannsburgensis,Ph,WAM_M56496,Roebourne,677562.5778,7748416.189,105,79
DEC02088,Mallina Sherlock 1,-20.9198,117.8613,29/4/2005,2005,M,Pseudomys hermannsburgensis,Ph,WAM_M60999,Chichester,589564.146,7686487.892,106,89
DEC02089,Mundabullangana 1,-20.6074,118.1566,3/5/2005,2005,NA,Pseudomys hermannsburgensis,Ph,WAM_M61009,Roebourne,620521.7762,7720873.296,107,75
DEC02249,Mallina Sherlock 1,-20.8699,117.8588,4/10/2004,2004,M,Pseudomys hermannsburgensis,Ph,WAM_M54293,Chichester,589333.6906,7692012.253,108,89
DEC02250,Mundabullangana 2,-20.4756,117.9954,6/10/2004,2004,F,Pseudomys hermannsburgensis,Ph,WAM_M54297,Roebourne,603811.7211,7735571.907,109,77
DEC02251,Mundabullangana 3,-20.5265,118.0774,6/10/2004,2004,M,Pseudomys hermannsburgensis,Ph,WAM_M54299,Roebourne,612327.2523,7729884.111,110,78
DEC02252,Cane River Conservation Park 2,-22.1886,115.5537,4/10/2004,2004,NA,Pseudomys hermannsburgensis,Ph,WAM_M56859,Hamersley,350898.5019,7545586.625,111,94
DEC02254,Enderby Island,-20.6,116.5,NA,NA,NA,Pseudomys hermannsburgensis,Ph,WAM_M20960,Roebourne,447897.9108,7722040.436,112,76
DEC02255,Juna Downs 2,-22.9166,118.9,19/6/2005,2005,F,Pseudomys hermannsburgensis,Ph,WAM_M47521,Hamersley,694859.376,7464454.15,113,25
DEC02259,Tom Price 1,-22.8072,117.75,10/11/1997,1997,F,Pseudomys hermannsburgensis,Ph,WAM_M47834,Hamersley,576971.4208,7477627.594,114,31
DEC02260,Tom Price 1,-22.795,117.7908,10/11/1997,1997,M,Pseudomys hermannsburgensis,Ph,WAM_M47835,Hamersley,581166.073,7478956.361,115,31
DEC02261,Ex Nanutarra 3,-21.2447,120.3225,24/5/2000,2000,M,Pseudomys hermannsburgensis,Ph,WAM_M51609,Chichester,844881.0653,7647144.168,116,73
DEC02263,Marillana Newman 3,-22.7327,119.4086,1/12/1999,1999,F,Pseudomys hermannsburgensis,Ph,WAM_M52206,Fortescue,747371.8098,7484059.703,117,21
DEC02265,Morgan River,-20.3541,118.7011,20/9/2005,2005,M,Pseudomys hermannsburgensis,Ph,WAM_M56497,Roebourne,677562.5778,7748416.189,105,79
DEC02266,Yalleen Fortescue 2,-21.6728,116.7253,1/10/2005,2005,NA,Pseudomys hermannsburgensis,Ph,WAM_M56782,Chichester,471580.5701,7603363.616,82,61
DEC02267,Yarraloola Fortescue 2,-21.9181,115.7233,30/9/2005,2005,NA,Pseudomys hermannsburgensis,Ph,WAM_M56785,Hamersley,368134.4874,7575689.709,118,49
DEC02268,Cane Red Hill 1,-21.9667,115.9761,28/9/2005,2005,NA,Pseudomys hermannsburgensis,Ph,WAM_M56799,Hamersley,394283.4405,7570505.508,84,46
DEC02269,Red Hill Peedamulla,-21.95,115.8875,28/9/2005,2005,NA,Pseudomys hermannsburgensis,Ph,WAM_M56800,Hamersley,385121.3623,7572290.397,119,46
DEC02270,Yarraloola Fortescue 3,-21.7333,115.8081,27/9/2005,2005,NA,Pseudomys hermannsburgensis,Ph,WAM_M56808,Hamersley,376735.8655,7596217.721,120,59
DEC02271,Nanutarra 1,-22.4984,115.5582,3/5/2005,2005,M,Pseudomys hermannsburgensis,Ph,WAM_M57751,Hamersley,351690.6788,7511291.307,121,32
DEC02272,Mt Welcome 2,-20.7364,117.0989,5/10/2004,2004,NA,Pseudomys hermannsburgensis,Ph,WAM_M57259,Chichester,510296.5013,7707022.1,122,93
DEC02273,Coolawanyah Chichester,-21.7141,117.7755,9/10/2004,2004,M,Pseudomys hermannsburgensis,Ph,WAM_M57269,Chichester,580209.0121,7598616.778,123,60
DEC02275,Bonney Downs Nullagine 2,-22.1178,119.8772,17/10/2004,2004,F,Pseudomys hermannsburgensis,Ph,WAM_M57299,Chichester,796831.1081,7551326.4,124,95
DEC02276,Hillside Nullagine,-22.0853,119.7035,17/10/2004,2004,NA,Pseudomys hermannsburgensis,Ph,WAM_M57301,Chichester,778965.1191,7555255.666,125,96
DEC02277,Hillside Nullagine,-22.0947,119.7535,18/10/2004,2004,F,Pseudomys hermannsburgensis,Ph,WAM_M57308,Chichester,784108.4607,7554121.839,92,96
DEC02279,Cane River Conservation Park 2,-22.1886,115.5537,4/5/2005,2005,F,Pseudomys hermannsburgensis,Ph,WAM_M57750,Hamersley,350898.5019,7545586.625,111,94
DEC02280,40 Mile Beach,-20.8446,116.3675,22/5/2005,2005,NA,Pseudomys hermannsburgensis,Ph,WAM_M57872,Roebourne,434196.2227,7694921.502,90,68
DEC02281,Mardie 2,-21.0633,116.2335,18/5/2005,2005,NA,Pseudomys hermannsburgensis,Ph,WAM_M57877,Roebourne,420370.4259,7670655.313,126,66
DEC02282,Sth Milstream 2,-21.6772,116.975,13/5/2005,2005,NA,Pseudomys hermannsburgensis,Ph,WAM_M57895,Fortescue,497413.6796,7602901.569,94,62
DEC02283,Karratha,-20.768,116.842,22/5/2005,2005,M,Pseudomys hermannsburgensis,Ph,WAM_M57942,Roebourne,483553.9919,7703520.048,127,92
DEC02284,Tom Price 2,-22.6614,117.8644,28/9/2005,2005,F,Pseudomys hermannsburgensis,Ph,WAM_M60531,Hamersley,588806.8277,7493704.246,128,23
DEC02286,Mallina Sherlock 2,-20.9696,118.0483,29/4/2005,2005,NA,Pseudomys hermannsburgensis,Ph,WAM_M61000,Chichester,608975.1733,7680860.009,129,70
DEC02287,Mundabullangana 1,-20.6074,118.1566,30/4/2005,2005,NA,Pseudomys hermannsburgensis,Ph,WAM_M61006,Roebourne,620521.7762,7720873.296,107,75
DEC02288,Mallina Sherlock 1,-20.9499,117.8499,2/5/2005,2005,NA,Pseudomys hermannsburgensis,Ph,WAM_M61008,Chichester,588360.968,7683162.715,130,89
DEC02289,Corunna Downs Marble Bar,-21.4077,120.0713,19/5/2005,2005,NA,Pseudomys hermannsburgensis,Ph,WAM_M61032,Chichester,818434.3689,7629612.742,131,65
DEC02290,Muccan Marble Bar 2,-20.3908,119.9086,26/9/2005,2005,M,Pseudomys hermannsburgensis,Ph,WAM_M61043,McLarty,803596.2758,7742585.263,132,85
DEC02291,East Warrawajine,-20.7392,120.8939,3/10/2005,2005,NA,Pseudomys hermannsburgensis,Ph,WAM_M61070,Chichester,905622.7436,7701829.248,133,90
DEC02292,De Grey Strelley,-20.3464,118.8931,16/10/2005,2005,NA,Pseudomys hermannsburgensis,Ph,WAM_M61119,Roebourne,697618.8199,7749049.89,134,84
DEC02293,Karijini 2,-22.6219,118.3511,27/5/2006,2006,M,Pseudomys hermannsburgensis,Ph,WAM_M61697,Hamersley,638854.5574,7497704.987,95,18
DEC02294,Karijini 2,-22.6219,118.3511,27/5/2006,2006,M,Pseudomys hermannsburgensis,Ph,WAM_M61699,Hamersley,638854.5574,7497704.987,95,18
DEC02295,Turee Creek Rocklea 1,-23.2839,118.1017,8/10/2005,2005,M,Pseudomys hermannsburgensis,Ph,WAM_M61791,Hamersley,612671.2043,7424623.798,135,14
DEC02296,Eginbah Marble Bar,-20.8353,119.6717,12/5/2006,2006,M,Pseudomys hermannsburgensis,Ph,WAM_M56932,Chichester,778045.8498,7693773.061,136,87
DEC02298,Nanutarra 2,-22.4523,115.6614,2/5/2005,2005,M,Pseudomys hermannsburgensis,Ph,WAM_M57755,Hamersley,362262.0792,7516493.816,137,34
DEC02299,Uaroo Yannarie,-22.8635,115.5031,1/5/2005,2005,NA,Pseudomys hermannsburgensis,Ph,WAM_M57757,Hamersley,346429.3058,7470811.059,138,7
DEC02300,Nanutarra 1,-22.4984,115.5582,29/4/2005,2005,F,Pseudomys hermannsburgensis,Ph,WAM_M57764,Hamersley,351690.6788,7511291.307,121,32
DEC02301,Yarrie Marble Bar 2,-20.7483,120.2578,21/5/2006,2006,M,Pseudomys hermannsburgensis,Ph,WAM_M60027,Chichester,839281.5152,7702288.61,139,91
DEC02302,Strelley 2,-20.3925,118.9231,26/5/2006,2006,M,Pseudomys hermannsburgensis,Ph,WAM_M60049,Chichester,700691.7309,7743909.77,140,84
DEC02303,De Grey 2,-20.3256,119.2108,27/5/2006,2006,M,Pseudomys hermannsburgensis,Ph,WAM_M60055,Roebourne,730825.77,7750939.722,141,80
DEC02304,De Grey Strelley,-20.3244,118.9222,27/5/2006,2006,M,Pseudomys hermannsburgensis,Ph,WAM_M60059,Roebourne,700685.8109,7751450.36,142,84
DEC02305,De Grey Strelley,-20.3464,118.8931,27/5/2006,2006,NA,Pseudomys hermannsburgensis,Ph,WAM_M60060,Roebourne,697618.8199,7749049.89,134,84
DEC02306,Peedamulla 5,-21.7792,115.2483,11/5/2006,2006,NA,Pseudomys hermannsburgensis,Ph,WAM_M60568,Cape Range,318888.8979,7590584.741,143,53
DEC02308,Peedamulla 4,-21.7789,115.3669,11/5/2006,2006,NA,Pseudomys hermannsburgensis,Ph,WAM_M60570,Roebourne,331153.304,7590752.411,89,54
DEC02309,Peedamulla 3,-21.7914,115.4642,11/5/2006,2006,NA,Pseudomys hermannsburgensis,Ph,WAM_M60572,Roebourne,341228.7642,7589471.773,88,52
DEC02310,Red Hill Peedamulla,-21.9481,115.83,16/5/2006,2006,NA,Pseudomys hermannsburgensis,Ph,WAM_M60592,Hamersley,379181.6249,7572456.513,87,46
DEC02311,Wallareenya,-21.0636,118.7608,16/5/2006,2006,M,Pseudomys hermannsburgensis,Ph,WAM_M64680,Chichester,682941.7256,7669803.022,144,69
DEC02312,Mount Sheila 3,-22.5044,117.6494,20/5/2006,2006,M,Pseudomys hermannsburgensis,Ph,WAM_M64688,Hamersley,566793.0015,7511196.422,145,38
DEC02313,Rocklea 2,-22.8347,117.3817,20/5/2006,2006,M,Pseudomys hermannsburgensis,Ph,WAM_M64691,Hamersley,539164.872,7474728.081,146,28
DEC02314,Rocklea 2,-22.8261,117.3711,20/5/2006,2006,M,Pseudomys hermannsburgensis,Ph,WAM_M64692,Hamersley,538079.6256,7475682.865,147,28
DEC02316,Rocklea 3,-22.8092,117.4775,23/5/2006,2006,M,Pseudomys hermannsburgensis,Ph,WAM_M64731,Hamersley,549003.8365,7477522.326,148,29
DEC02317,Lake Macdonald,-23.3344,117.8758,28/5/2006,2006,M,Pseudomys hermannsburgensis,Ph,WAM_M64760,Hamersley,589533.1149,7419190.412,149,8
DEC02318,East Mininer,-23.4189,117.8419,29/5/2006,2006,M,Pseudomys hermannsburgensis,Ph,WAM_M64775,Hamersley,586012.7922,7409855.721,150,8
DEC02319,Turee Creek Rocklea 1,-23.2925,118.1564,30/5/2006,2006,M,Pseudomys hermannsburgensis,Ph,WAM_M64777,Hamersley,618258.3049,7423628.026,151,14
DEC02320,Turee Creek Rocklea 1,-23.2864,118.1236,31/5/2006,2006,M,Pseudomys hermannsburgensis,Ph,WAM_M64781,Hamersley,614908.975,7424329.805,152,14
DEC02322,Turee Creek Rocklea 2,-23.3758,117.9897,31/5/2006,2006,M,Pseudomys hermannsburgensis,Ph,WAM_M64786,Hamersley,601146.486,7414531.67,153,10